[{"excluded":[],"includePaths":["C:/Qt/6.7.1/mingw_64/include","C:/Qt/6.7.1/mingw_64/include/QtWidgets","C:/Qt/6.7.1/mingw_64/include/QtGui","C:/Qt/6.7.1/mingw_64/include/QtCore","C:/Users/danil/OneDrive/Desktop/Internacionalizacion/Internacionalizacion","C:/Users/danil/OneDrive/Desktop/Internacionalizacion/Internacionalizacion"],"projectFile":"C:/Users/danil/OneDrive/Desktop/Internacionalizacion/Internacionalizacion/Internacionalizacion.pro","sources":["C:/Users/danil/OneDrive/Desktop/Internacionalizacion/Internacionalizacion/main.cpp","C:/Users/danil/OneDrive/Desktop/Internacionalizacion/Internacionalizacion/mainwindow.cpp","C:/Users/danil/OneDrive/Desktop/Internacionalizacion/Internacionalizacion/mainwindow.h","C:/Users/danil/OneDrive/Desktop/Internacionalizacion/Internacionalizacion/mainwindow.ui"],"translations":["C:/Users/danil/OneDrive/Desktop/Internacionalizacion/Internacionalizacion/translation_es.ts","C:/Users/danil/OneDrive/Desktop/Internacionalizacion/Internacionalizacion/translation_en.ts"]}]
